Titre,Plateforme,URL,Description,Date_Creation,Deja_Utilise,Performance,Tags
La législation pour organiser une tombola en France,YouTube,https://www.youtube.com/watch?v=uffY6b6AzPI,"En France, l'organisation d'une tombola est réglementée par plusieurs lois et décrets. Voici les points clés à retenir dans cette vidéo.

1. Loi et Décrets applicables :

Loi du 1er juillet 1901 relative au contrat d'association : Elle régit les associations à but non lucratif (associations loi 1901), qui peuvent organiser des tombolas.
Décret n°2006-1387 du 29 novembre 2006 relatif aux jeux de hasard et de loterie : Il définit les règles générales applicables aux tombolas.
Arrêté du 22 septembre 2006 relatif aux autorisations délivrées aux organisateurs de jeux de hasard et de loterie : Il précise les conditions d'obtention d'une autorisation pour organiser une tombola.

2. Conditions d'organisation :

Autorisation préalable : Toute tombola doit faire l'objet d'une autorisation préalable délivrée par le préfet du département où se déroule l'événement.
Objet de la tombola : La tombola doit être organisée à des fins non lucratives, c'est-à-dire pour financer un projet ou une activité d'intérêt général.
Nature des lots : Les lots doivent avoir une valeur réelle et être licites. Les armes, les produits toxiques ou dangereux, ainsi que les produits liés à l'alcool ou au tabac sont interdits.
Nombre de lots : Le nombre de lots est limité et doit être proportionnel au nombre de tickets vendus.
Valeur des lots : La valeur totale des lots ne peut pas dépasser 25 % du montant total des recettes.
Prix des tickets : Le prix des tickets doit être fixé de manière transparente et indiqué clairement sur les tickets.
Publicité : La publicité pour la tombola doit être honnête et transparente. Elle doit mentionner les dates et lieux de l'événement, la nature des lots et le prix des tickets.
Déclaration des recettes et des dépenses : L'organisateur doit tenir une comptabilité rigoureuse et déclarer les recettes et les dépenses de la tombola aux autorités compétentes.

3. Sanctions :

Le non-respect de ces règles peut entraîner des sanctions pénales et administratives, notamment des amendes et la fermeture de l'événement.

4. Conseils pratiques :

Il est fortement recommandé de se renseigner auprès de la préfecture du département avant d'organiser une tombola.
Il est important de respecter scrupuleusement les règles et de se faire assister par un juriste spécialisé en droit des jeux.
Il est conseillé de choisir des lots attractifs mais qui restent en adéquation avec la valeur des tickets vendus.
En résumé, l'organisation d'une tombola en France est soumise à une réglementation stricte. Il est indispensable de se conformer à toutes les règles pour éviter des sanctions et garantir le bon déroulement de l'événement.",9/7/2024,,Haute,"Tombola,Legislation,France,B2B"
Comment créer une billetterie en ligne avec Rapid-Pub,YouTube,https://www.youtube.com/watch?v=ijdMF46h-AU,"Dans cette vidéo, découvrez comment créer facilement une billetterie en ligne pour vos événements avec Rapid-Pub. Suivez nos étapes simples pour configurer votre billetterie, personnaliser vos billets, et gérer vos fichiers PAO.",20/1/2025,,Moyenne,"EnLigne,RapidPub,CreerBilleterie,Billeterie,B2B"
www..rapid-pub.com,YouTube,https://www.youtube.com/watch?v=_z2bt9wZS2k,"Goodies Publicitaires   👉1. Augmenter la visibilité de la marque
                                        👉 2. Fidéliser les clients 
                                        👉  3. Attirer de nouveaux clients",11/12/2025,,Basse,"RapidPub,Goodies,SiteInternet,B2B"
Impression Encre UV,YouTube,https://www.youtube.com/watch?v=XxporcoJ92M,"Rapid-Pub.com est heureux de vous présenter sa nouvelle technologie d'impression UV utilisée pour la fabrication de stickers adhésifs, affiches, bâches, roll-up ...

www.rapid-pub.com
Tél: 03.20.40.72.78",14/1/2019,,Moyenne,"Impression,Encre,EncreUV,Nouvelletechnique,NouvelleImpression,B2B"
Offrez un cadeau unique,Instagram,https://www.instagram.com/p/CNuDKkgB1hm/,"Créez une lampe à votre image avec notre collection de lampes LED gravées 🥰
17€

🔴 D’autres modèles disponibles sur notre page Insta ou sur notre site : www.rapid-pub.com #m

👉🏼 livraison en point relais
👉🏼ou retrait en magasin au 3 rue d’Hurlupin à Comines (près de la mairie)

#comines #imprimerie #cadeau #souvenir #ideecadeau #personnalisation #personnalise #creation #lampe #LED #3D #lampepersonnalisée #photo #photography #professional #particulier #flyers #affiche #brochure #fairepartnaissance #fairepartmariage #fairepart #love #deco #decoration",16/4/2021,,Basse,"Cadeau,LampeUV,Personnalisé,CadeauNoel,B2C"
Cadeau Fêtes des Mères,Instagram,https://www.instagram.com/p/CNskxZsBFw-/?img_index=1,"La fête des mères approche 🤗 Offrez lui un cadeau inoubliable pour l’occasion 😍

#lampe #led #love #fetedesmeres #maman #amour #cute #bear #heart #ours #coeur #3D #gravure #personnalisation #personnalise #creation #unique #occasion #fete #comines",15/4/2021,,Basse,"Cadeau,FêteDesMères,LampeUV,B2C"
Cadeau Saint Valentin,Instagram,https://www.instagram.com/p/CNko7kvB8lS/?img_index=1,"Offrez un cadeau unique pour une personne unique ❤️
👩‍👧‍👦La Saint Valentin approche! Montrez votre amour avec nos lampes LED personnalisables. 😍

🔴 Un cadeau à prix mini",10/2/2021,,Basse,"Cadeau,SaintValentin,Amour,B2C"
Fabrication d'une lampe gravée,Instagram,https://www.instagram.com/p/CNh6g2Fom0z/,"Ce dimanche Rapid-Pub vous fait découvrir la fabrication d’une lampe gravée. Un cadeau unique et personnalisé qui plaira aux grands comme aux petits!😍

👉🏼 Contactez nous pour plus d’informations
👉🏼 Livraison express en point-relais
Ou retrait en magasin
#découverte #impression #gravure #lampe #led #cadeau #cadeaux #creation #personnalisation #personnalise #follow #wish #brochure #affiche #flyers #pro #imprimerie #igtv #instagood #weekend #video",11/4/2021,,Moyenne,"Fabrication,Processus,LampeUV"
Goodies d'entreprise,Facebook,https://fb.watch/EOZeFdrpQd/,"OBJETS PERSONNALISÉS - PRODUITS PUBLICITAIRES - GOODIES D’ENTREPRISE
--
La nouvelle machine est arrivée chez Rapid Pub 
On vous montre une petite vidéo
Mètre ruban à partir de 0.78 € HT  -   (Prix unit. pour 500 ex)",1/10/2025,,Moyenne,"Goodies,Entreprise,B2B"
Anniversaire Rapid Pub,Facebook,https://fb.watch/EOZyg9Wis_/,Aujourd'hui est un jour spécial c'est l'anniversaire de Rapid Pub !,1/4/2025,,Moyenne,"Anniversaire,1AVRIL,B2B"
Personnaliser vos enveloppes,Facebook,https://www.facebook.com/photo?fbid=1239666541498173&set=a.769908728473959&locale=fr_FR,"Personnaliser des enveloppes :
Impact marketing et image de marque !",26/2/2025,,Basse,"B2B,Enveloppe"